DATE,CCF,TPP,VNS,FPT,CAL,MOKE,COS,SACWEIR,FREWEIR,UNNAMED: 10,UNNAMED: 11,14 DAYS OF FORECAST DATA AFTER FORECAST DATE
2026-01-30,5343,6952,1925,21512,53,442,339,0,0,Measured,,
2026-01-31,5337,6958,1923,22167,41,409,330,0,0,Measured,,
2026-02-01,593,4273,2010,28007,43,415,321,0,0,Measured,,
2026-02-02,589,1609,2184,33124,47,395,310,0,0,Measured,,
2026-02-03,593,1605,2309,33405,50,429,300,0,0,Measured,,
2026-02-04,5934,3220,2317,33240,45,427,276,0,0,Measured,,
2026-02-05,6938,3209,2263,32432,40,472,244,0,0,Measured,,
2026-02-06,6342,3219,2275,32600,37,351,238,0,0,Measured,,
2026-02-07,6335,3236,2311,32700,36,320,232,0,0,Measured,,
2026-02-08,5939,3761,2321,32180,42,315,226,0,0,Measured,,
2026-02-09,4955,3842,2348,31828,47,302,221,0,0,Measured,,
2026-02-10,3964,3848,2414,31912,41,327,226,0,0,Measured,,
2026-02-11,4953,3768,2516,32084,27,309,260,0,0,Measured,,
2026-02-12,7124,3854,2752,32372,21,303,306,0,0,Measured,,
2026-02-13,7923,3859,2882,33340,21,298,283,0,0,Measured,,
2026-02-14,4957,8342,2869,34604,21,298,263,0,0,Measured,,
2026-02-15,5139,8423,2851,33940,21,296,254,0,0,Measured,,
2026-02-16,5153,8451,3029,34056,34,378,1936,0,0,Measured,,
2026-02-17,5150,8447,3751,36904,107,436,3742,0,0,Measured,,
2026-02-18,5934,8455,5277,46252,336,378,2854,0,0,Measured,,
2026-02-19,7331,8442,7141,49448,513,321,2022,0,0,Measured,,
2026-02-20,8914,8409,7818,49756,604,286,1688,0,0,Measured,,
2026-02-21,10114,8382,8448,50092,700,279,1133,0,0,Measured,,
2026-02-22,10903,8380,8415,51392,696,279,918,0,0,Measured,,
2026-02-23,10893,8374,8261,50640,701,281,830,0,0,Measured,,
2026-02-24,10701,8399,8270,49428,703,281,823,0,0,Measured,,
2026-02-25,10495,8437,8057,47908,577,299,1320,0,0,Measured,,
2026-02-26,10295,8413,7762,51892,446,298,1979,0,0,Measured,,
2026-02-27,9912,8409,7473,58456,343,299,2079,0,0,Measured,,
2026-02-28,9714,8428,7166,63664,296,332,2239,0,0,Measured,,
2026-03-01,9333,8434,6944,64696,297,289,2379,0,0,Measured,,
2026-03-02,9124,8331,6793,62671,280,280,2200,0,0,Forecasted,,
2026-03-03,8926,8331,6621,60758,280,280,1800,0,0,Forecasted,,
2026-03-04,8727,8331,6405,55690,280,280,1600,0,0,Forecasted,,
2026-03-05,8529,8331,6192,48814,280,280,1400,0,0,Forecasted,,
2026-03-06,8331,8331,6048,44036,280,280,1200,0,0,Forecasted,,
2026-03-07,8132,8331,5800,40631,280,280,1000,0,0,Forecasted,,
2026-03-08,7934,8331,5500,37929,280,280,1000,0,0,Forecasted,,
2026-03-09,7537,8331,5000,35822,280,280,1000,0,0,Forecasted,,
2026-03-10,7141,8331,4500,34285,280,280,1000,0,0,Forecasted,,
2026-03-11,6546,8331,4000,33228,280,280,1000,0,0,Forecasted,,
2026-03-12,5951,8331,3500,32000,280,280,1000,0,0,Forecasted,,
2026-03-13,5554,8331,3000,32000,280,280,1000,0,0,Forecasted,,
2026-03-14,4959,8331,2500,32000,280,280,1000,0,0,Forecasted,,
2026-03-15,4364,8331,2500,32000,280,280,1000,0,0,Forecasted,,
2026-03-16,4364,8331,2500,32000,280,280,1000,0,0,Forecasted,,
2026-03-17,4364,8331,2500,32000,280,280,1000,0,0,Forecasted,,
2026-03-18,4364,8331,2500,32000,280,280,1000,0,0,Forecasted,,
2026-03-19,4364,8331,2500,32000,280,280,1000,0,0,Forecasted,,
2026-03-20,4364,8331,2500,32000,280,280,1000,0,0,Forecasted,,
2026-03-21,4364,8331,2500,32000,280,280,1000,0,0,Forecasted,,
2026-03-22,4364,8331,2500,32000,280,280,1000,0,0,Forecasted,,
2026-03-23,4364,8331,2500,32000,280,280,1000,0,0,Forecasted,,
2026-03-24,4364,8331,2500,32000,280,280,1000,0,0,Forecasted,,
