,Survey,survDate,Region,Percent_Processed,,,,,,SLS Survey Number,1,2,3,4,5
1,1,12/29/2025,Eastern Delta,100%,,,12/29/2025,12/31/2025,,Survey Date,12/29/2025,1/12/2026,1/26/2026,2/9/2026,2/23/2026
2,1,12/29/2025,Lower Sacramento,100%,,,1/12/2026,1/14/2026,LFS Region,Eastern Delta,100%,100%,100%,100%,100%
3,1,12/29/2025,Lower San Joaquin,100%,,,1/26/2026,1/28/2026,,Lower Sacramento,100%,100%,100%,86%,57%
4,1,12/29/2025,Sacramento/ North Delta,100%,,,2/9/2026,2/11/2026,,Lower San Joaquin,100%,100%,100%,100%,100%
5,1,12/29/2025,South Delta,100%,,,2/23/2026,2/25/2026,,Sacramento/ North Delta,100%,100%,100%,100%,100%
6,1,12/29/2025,Suisun,100%,,,,,,South Delta,100%,100%,100%,100%,100%
7,1,12/29/2025,Western Delta,100%,,,,,,Suisun,100%,100%,100%,56%,78%
8,2,1/12/2026,Eastern Delta,100%,,,,,,Western Delta,100%,100%,100%,88%,4%
9,2,1/12/2026,Lower Sacramento,100%,,,,,,,,,,,
10,2,1/12/2026,Lower San Joaquin,100%,,,,,,,,,,,
11,2,1/12/2026,Sacramento/ North Delta,100%,,,,,,,,,,,
12,2,1/12/2026,South Delta,100%,,,,,,,,,,,
13,2,1/12/2026,Suisun,100%,,,,,,,,,,,
14,2,1/12/2026,Western Delta,100%,,,,,,,,,,,
15,3,1/26/2026,Eastern Delta,100%,,,,,,,,,,,
16,3,1/26/2026,Lower Sacramento,100%,,,,,,,,,,,
17,3,1/26/2026,Lower San Joaquin,100%,,,,,,,,,,,
18,3,1/26/2026,Sacramento/ North Delta,100%,,,,,,,,,,,
19,3,1/26/2026,South Delta,100%,,,,,,,,,,,
20,3,1/26/2026,Suisun,100%,,,,,,,,,,,
21,3,1/26/2026,Western Delta,100%,,,,,,,,,,,
22,4,2/9/2026,Eastern Delta,100%,,,,,,,,,,,
23,4,2/9/2026,Lower Sacramento,86%,,,,,,,,,,,
24,4,2/9/2026,Lower San Joaquin,100%,,,,,,,,,,,
25,4,2/9/2026,Sacramento/ North Delta,100%,,,,,,,,,,,
26,4,2/9/2026,South Delta,100%,,,,,,,,,,,
27,4,2/9/2026,Suisun,56%,,,,,,,,,,,
28,4,2/9/2026,Western Delta,88%,,,,,,,,,,,
29,5,2/23/2026,Eastern Delta,100%,,,,,,,,,,,
30,5,2/23/2026,Lower Sacramento,57%,,,,,,,,,,,
31,5,2/23/2026,Lower San Joaquin,100%,,,,,,,,,,,
32,5,2/23/2026,Sacramento/ North Delta,100%,,,,,,,,,,,
33,5,2/23/2026,South Delta,100%,,,,,,,,,,,
34,5,2/23/2026,Suisun,78%,,,,,,,,,,,
35,5,2/23/2026,Western Delta,4%,,,,,,,,,,,
