subregion_order,SubRegion,Region,volume_0to15,volume_15tomax,mean_depth,surface_area_km2,total_volume_km3,IncludeSLS
1,South SF Bay,West,1.8584,0.0073,-5.123,364.2053,1.8657,F
2,Central SF Bay,West,2.4282,0.7682,-11.904,268.5202,3.1965,F
3,West San Pablo Bay,West,0.3136,0.0188,-4.594,72.3761,0.3325,T
4,Mid San Pablo Bay,West,0.4751,0.0002,-3.942,120.5725,0.4753,T
5,East San Pablo Bay,West,0.1677,0.0016,-4.998,33.8665,0.1693,T
6,Carquinez Strait,West,0.2154,0.0528,-13.504,19.8558,0.2681,T
7,Lower Napa River,West,0.0365,NA,-4.192,8.6984,0.0365,T
8,Upper Napa River,West,0.0006,NA,-1.602,0.391,0.0006,T
9,West Suisun Bay,Central Delta,0.1876,0.0011,-6.095,30.9644,0.1887,T
10,East Suisun Bay,Central Delta,0.1114,0.0011,-6.355,17.7287,0.1127,T
11,Honker Bay,Central Delta,0.0717,0.0018,-4.757,15.4546,0.0735,T
12,Grizzly Bay,Central Delta,0.0801,NA,-2.774,28.8701,0.0801,T
13,Montezuma Slough,Central Delta,0.0335,0,-6.003,5.5772,0.0335,T
14,Suisun Marsh,Central Delta,0.0172,0,-3.502,4.9254,0.0172,F
15,Lower San Joaquin River,Lower SJR,0.1513,0.0016,-6.096,24.9589,0.1521,T
16,San Joaquin River at Twitchell Island,Lower SJR,0.0795,0.0019,-9.383,8.6938,0.0816,T
17,San Joaquin River at Prisoners Pt,Lower SJR,0.0802,0.0005,-7.101,11.3779,0.0808,T
18,Franks Tract,Lower SJR,0.0702,0,-3.46,20.285,0.0702,T
19,Lower Sacramento River,Sacramento/ North Delta,0.2175,0.007,-7.945,28.258,0.2245,T
20,Sacramento River near Rio Vista,Sacramento/ North Delta,0.0747,0.0003,-6.972,10.7557,0.075,T
21,Cache Slough and Liberty Island,Sacramento/ North Delta,0.0564,0.0002,-3.176,14.9355,0.0474,T
22,Lower Sacramento River Ship Channel,Sacramento/ North Delta,0.0411,0.001,-8.753,4.8188,0.0422,T
23,Upper Sac River DWSC,Sacramento/ North Delta,0.032,NA,-7.742,4.123,0.0319,T
24,Upper Sacramento River,Sacramento/ North Delta,0.0615,0,-5.244,11.7274,0.0615,T
25,Sacramento River near Ryde,Sacramento/ North Delta,0.0184,0,-5.213,3.5279,0.0184,T
26,Holland Cut,South Delta,0.0295,0,-5.003,5.9016,0.0296,T
27,Old River,South Delta,0.0143,0,-4.901,2.9114,0.0143,T
28,Middle River,South Delta,0.0657,0.0001,-5.202,12.6494,0.0658,T
29,Victoria Canal,South Delta,0.0107,NA,-4.673,2.2939,0.0107,T
30,San Joaquin River near Stockton,East,0.0425,NA,-6.526,6.5123,0.0425,T
31,North and South Forks Mokelumne River,East,0.0534,0,-4.943,10.803,0.0534,T
32,Grant Line Canal/Old R,South Delta,0.0094,NA,-3.05,3.0911,0.0094,F
33,Rock Slough/Discovery Bay,South Delta,0.0045,NA,-2.991,1.4908,0.0045,F
34,Upper San Joaquin River,East,0.0045,NA,-3.306,1.3536,0.0045,F
35,Disappointment Slough,East,0.0182,NA,-3.382,5.3667,0.0182,F
