"","year","Survey","Station","meanEst","WY","Sample Status"
"1",2026,1,405,15128156.8228614,2026,"Processed"
"2",2026,1,411,2489569.51060965,2026,"Processed"
"3",2026,1,418,3475250.90456774,2026,"Processed"
"4",2026,1,501,2292568.90238321,2026,"Processed"
"5",2026,1,504,2163966.81245429,2026,"Processed"
"6",2026,1,508,2172037.05746868,2026,"Processed"
"7",2026,1,513,1418014.70639093,2026,"Processed"
"8",2026,1,519,3596208.307317,2026,"Processed"
"9",2026,1,520,244476.705746984,2026,"Processed"
"10",2026,1,602,7175180.87407101,2026,"Processed"
"11",2026,1,703,274848.992732141,2026,"Processed"
"12",2026,1,704,191162.507540289,2026,"Processed"
"13",2026,1,705,33999.2683003218,2026,"Processed"
"14",2026,1,706,49786.4577474181,2026,"Processed"
"15",2026,1,707,30447.9271668823,2026,"Processed"
"16",2026,1,711,19697.0655379143,2026,"Processed"
"17",2026,1,716,32076.960474258,2026,"Processed"
"18",2026,1,723,15034.758097286,2026,"Processed"
"19",2026,1,801,700309.99340568,2026,"Processed"
"20",2026,1,804,307227.18115586,2026,"Processed"
"21",2026,1,809,125484.538362695,2026,"Processed"
"22",2026,1,812,46629.6754121642,2026,"Processed"
"23",2026,1,815,72595.6387814808,2026,"Processed"
"24",2026,1,901,34373.0137766724,2026,"Processed"
"25",2026,1,902,5826.18101999485,2026,"Processed"
"26",2026,1,914,13044.6474331518,2026,"Processed"
"27",2026,1,915,5660.5372107355,2026,"Processed"
"28",2026,1,918,4277.52836574682,2026,"Not Sampled"
"29",2026,2,405,58624962.0263714,2026,"Processed"
"30",2026,2,411,13637905.7957827,2026,"Processed"
"31",2026,2,418,18557072.0727712,2026,"Processed"
"32",2026,2,501,5855609.88355306,2026,"Processed"
"33",2026,2,504,5978900.31782829,2026,"Processed"
"34",2026,2,508,2522181.5676241,2026,"Processed"
"35",2026,2,513,1379551.58420679,2026,"Processed"
"36",2026,2,519,6447058.51893839,2026,"Processed"
"37",2026,2,520,220390.274714723,2026,"Processed"
"38",2026,2,602,14052738.4300211,2026,"Processed"
"39",2026,2,703,140377.335553541,2026,"Processed"
"40",2026,2,704,101310.090559311,2026,"Processed"
"41",2026,2,705,11028.4672612877,2026,"Processed"
"42",2026,2,706,21583.4916250743,2026,"Processed"
"43",2026,2,707,12802.0341007902,2026,"Processed"
"44",2026,2,711,6302.71247735058,2026,"Processed"
"45",2026,2,716,10977.2837980111,2026,"Processed"
"46",2026,2,723,5074.01102393554,2026,"Processed"
"47",2026,2,801,540050.242695851,2026,"Processed"
"48",2026,2,804,156888.747196414,2026,"Processed"
"49",2026,2,809,56276.8160952439,2026,"Processed"
"50",2026,2,812,16884.5494419328,2026,"Processed"
"51",2026,2,815,28842.0659725506,2026,"Processed"
"52",2026,2,901,13250.7014978766,2026,"Processed"
"53",2026,2,902,6234.53183029841,2026,"Processed"
"54",2026,2,914,14112.9956231657,2026,"Processed"
"55",2026,2,915,4830.05988035321,2026,"Processed"
"56",2026,2,918,2454.81821233454,2026,"Processed"
"57",2026,3,405,84422228.3306366,2026,"Processed"
"58",2026,3,411,12812055.0741842,2026,"Processed"
"59",2026,3,418,23488097.4835961,2026,"Processed"
"60",2026,3,501,12875823.1360154,2026,"Processed"
"61",2026,3,504,19327426.2354981,2026,"Processed"
"62",2026,3,508,22682106.400677,2026,"Processed"
"63",2026,3,513,11541975.6734299,2026,"Processed"
"64",2026,3,519,31407851.6494446,2026,"Processed"
"65",2026,3,520,2577920.70404706,2026,"Processed"
"66",2026,3,602,31540641.932131,2026,"Processed"
"67",2026,3,703,1752463.71858369,2026,"Processed"
"68",2026,3,704,2410155.03963596,2026,"Processed"
"69",2026,3,705,255487.591623106,2026,"Processed"
"70",2026,3,706,1276410.41353384,2026,"Processed"
"71",2026,3,707,875489.849861291,2026,"Processed"
"72",2026,3,711,446478.609415806,2026,"Processed"
"73",2026,3,716,484733.014445683,2026,"Processed"
"74",2026,3,723,205530.794793006,2026,"Processed"
"75",2026,3,801,6834124.81731871,2026,"Processed"
"76",2026,3,804,4061706.20670826,2026,"Processed"
"77",2026,3,809,1462824.43134267,2026,"Processed"
"78",2026,3,812,547283.427289076,2026,"Processed"
"79",2026,3,815,1079216.12879242,2026,"Processed"
"80",2026,3,901,584200.39143557,2026,"Processed"
"81",2026,3,902,164125.79972134,2026,"Processed"
"82",2026,3,914,163208.205282333,2026,"Processed"
"83",2026,3,915,59357.1495773503,2026,"Processed"
"84",2026,3,918,46664.7215031918,2026,"Processed"
"85",2026,4,405,145343978.901646,2026,"Processed"
"86",2026,4,411,86512387.564058,2026,"Processed"
"87",2026,4,418,137393478.589698,2026,"Processed"
"88",2026,4,501,62247482.2406524,2026,"Processed"
"89",2026,4,504,57979352.9056039,2026,"Processed"
"90",2026,4,508,76753525.601267,2026,"Processed"
"91",2026,4,513,46522890.0081078,2026,"Processed"
"92",2026,4,519,124175445.460876,2026,"Processed"
"93",2026,4,520,5732001.20151745,2026,"Processed"
"94",2026,4,602,117617049.449844,2026,"Processed"
"95",2026,4,703,4758832.03724909,2026,"Processed"
"96",2026,4,704,3965178.87863244,2026,"Processed"
"97",2026,4,705,326684.351432455,2026,"Processed"
"98",2026,4,706,1750490.16522359,2026,"Processed"
"99",2026,4,707,1471671.32060737,2026,"Processed"
"100",2026,4,711,1211398.41057794,2026,"Processed"
"101",2026,4,716,2379380.24811417,2026,"Processed"
"102",2026,4,723,1496757.03427657,2026,"Processed"
"103",2026,4,801,18295087.8161111,2026,"Processed"
"104",2026,4,804,6913550.28845189,2026,"Processed"
"105",2026,4,809,6846796.36632692,2026,"Processed"
"106",2026,4,812,2736969.87943329,2026,"Processed"
"107",2026,4,815,3904555.25413676,2026,"Processed"
"108",2026,4,901,1516260.08973049,2026,"Processed"
"109",2026,4,902,1465582.23968979,2026,"Processed"
"110",2026,4,914,955146.79596665,2026,"Processed"
"111",2026,4,915,768722.936906151,2026,"Processed"
"112",2026,4,918,305355.860437182,2026,"Processed"
"113",2026,5,405,267666766.186056,2026,"Processed"
"114",2026,5,411,22184035.0451701,2026,"Processed"
"115",2026,5,418,36232242.4592804,2026,"Processed"
"116",2026,5,501,14115980.714409,2026,"Processed"
"117",2026,5,504,14977953.3939237,2026,"Processed"
"118",2026,5,508,12210997.3033178,2026,"Processed"
"119",2026,5,513,6127714.10863687,2026,"Processed"
"120",2026,5,519,23272726.2959958,2026,"Processed"
"121",2026,5,520,1161400.27547595,2026,"Processed"
"122",2026,5,602,32591174.5616175,2026,"Processed"
"123",2026,5,703,2074647.09434796,2026,"Processed"
"124",2026,5,704,2527459.30671321,2026,"Processed"
"125",2026,5,705,114530.9707902,2026,"Processed"
"126",2026,5,706,655114.799657832,2026,"Processed"
"127",2026,5,707,441585.194773071,2026,"Processed"
"128",2026,5,711,192821.928884966,2026,"Processed"
"129",2026,5,716,316819.428185739,2026,"Processed"
"130",2026,5,723,139443.408890798,2026,"Processed"
"131",2026,5,801,3732605.12980153,2026,"Processed"
"132",2026,5,804,1002550.9324709,2026,"Processed"
"133",2026,5,809,908866.927613061,2026,"Processed"
"134",2026,5,812,292043.58117849,2026,"Processed"
"135",2026,5,815,438083.024900538,2026,"Processed"
"136",2026,5,901,201822.740802571,2026,"Processed"
"137",2026,5,902,13993.8127273706,2026,"Processed"
"138",2026,5,914,125063.40421278,2026,"Processed"
"139",2026,5,915,14327.1141188135,2026,"Processed"
"140",2026,5,918,12115.6976698644,2026,"Processed"
"141",2026,6,405,19965533.3005083,2026,"Not Processed"
"142",2026,6,411,4820653.30776258,2026,"Not Processed"
"143",2026,6,418,11038321.5418543,2026,"Processed"
"144",2026,6,501,4196025.78187457,2026,"Processed"
"145",2026,6,504,3684152.11924938,2026,"Not Processed"
"146",2026,6,508,2639819.51210874,2026,"Processed"
"147",2026,6,513,3288127.13776172,2026,"Processed"
"148",2026,6,519,7306386.51158874,2026,"Processed"
"149",2026,6,520,346027.879109659,2026,"Processed"
"150",2026,6,602,14924970.4594854,2026,"Processed"
"151",2026,6,703,458652.215851975,2026,"Processed"
"152",2026,6,704,448003.641681043,2026,"Not Processed"
"153",2026,6,705,50636.2290244825,2026,"Processed"
"154",2026,6,706,213030.563207048,2026,"Not Processed"
"155",2026,6,707,98434.3940853008,2026,"Processed"
"156",2026,6,711,149343.263545457,2026,"Not Processed"
"157",2026,6,716,176339.748402201,2026,"Processed"
"158",2026,6,723,56842.1893491568,2026,"Processed"
"159",2026,6,801,2383572.99163922,2026,"Processed"
"160",2026,6,804,449518.160355959,2026,"Processed"
"161",2026,6,809,410857.937452634,2026,"Processed"
"162",2026,6,812,166339.528727833,2026,"Processed"
"163",2026,6,815,419696.0310305,2026,"Processed"
"164",2026,6,901,200853.480538992,2026,"Processed"
"165",2026,6,902,78042.3495401747,2026,"Processed"
"166",2026,6,914,21412.87713383,2026,"Processed"
"167",2026,6,915,33227.8533538904,2026,"Processed"
"168",2026,6,918,21481.1431991186,2026,"Processed"
