DATE,CCF,TPP,VNS,FPT,CAL,MOKE,COS,SACWEIR,FREWEIR,UNNAMED: 10
2026-07-01,2967,5534,811,16595,241,282,81,0,0,Measured
2026-07-02,7934,1821,687,17420,241,276,81,0,0,Measured
2026-07-03,9917,1801,649,18035,241,270,80,0,0,Measured
2026-07-04,10891,1791,677,17583,240,265,78,0,0,Measured
2026-07-05,11901,1791,762,17611,240,259,76,0,0,Measured
2026-07-06,11891,1789,720,18031,232,253,76,0,0,Measured
2026-07-07,11889,1789,661,18420,215,247,77,0,0,Measured
2026-07-08,11897,1785,612,19252,211,241,74,0,0,Measured
2026-07-09,11895,1793,595,19227,215,235,71,0,0,Measured
2026-07-10,11887,1853,587,19583,219,229,69,0,0,Measured
2026-07-11,11901,1841,589,19906,219,223,68,0,0,Measured
2026-07-12,11883,1845,637,19925,206,217,67,0,0,Measured
2026-07-13,11893,1884,684,19827,215,211,70,0,0,Measured
2026-07-14,11901,1976,604,20252,223,205,72,0,0,Measured
2026-07-15,12889,1972,593,19450,223,200,70,0,0,Measured
2026-07-16,13872,1962,555,20086,223,194,68,0,0,Measured
2026-07-17,14221,1964,529,20229,231,188,65,0,0,Measured
2026-07-18,14229,1960,528,20261,238,182,62,0,0,Measured
2026-07-19,14239,1952,647,19481,222,176,59,0,0,Measured
2026-07-20,13862,3794,612,19939,212,170,59,0,0,Measured
2026-07-21,12488,5482,508,19851,214,164,58,0,0,Measured
2026-07-22,11901,5500,503,20087,230,158,60,0,0,Measured
2026-07-23,12885,5457,509,20351,247,152,60,0,0,Measured
2026-07-24,9915,5427,496,20438,249,146,60,0,0,Measured
2026-07-25,10907,5405,519,20660,240,140,57,0,0,Measured
2026-07-26,11887,3721,607,21082,233,134,57,0,0,Measured
2026-07-27,12873,3731,706,21759,223,129,56,0,0,Measured
2026-07-28,12873,3763,671,22017,222,123,54,0,0,Measured
2026-07-29,11891,4949,646,22445,231,117,54,0,0,Measured
2026-07-30,11889,7414,590,21967,244,111,51,0,0,Measured
2026-07-31,9915,8285,635,21457,249,105,50,0,0,Measured
2026-08-01,9903,8275,724,21625,249,99,52,0,0,Measured
2026-08-02,9915,8329,866,21883,245,93,56,0,0,Measured
2026-08-03,9911,8360,935,22075,235,87,53,0,0,Forecasted
2026-08-04,9907,8374,856,21708,233,81,54,0,0,Forecasted
2026-08-05,10306,8360,751,22319,245,75,49,0,0,Forecasted
2026-08-06,10300,8370,690,22709,249,69,49,0,0,Forecasted
2026-08-07,10304,8346,662,21940,250,64,49,0,0,Forecasted
2026-08-08,10905,8339,749,22063,255,58,48,0,0,Forecasted
2026-08-09,10897,8339,804,22501,239,52,47,0,0,Forecasted
2026-08-10,10905,8339,782,22841,220,46,47,0,0,Forecasted
2026-08-11,4949,6978,679,23016,226,40,44,0,0,Forecasted
2026-08-12,14216,8348,624,22897,246,34,41,0,0,Forecasted
2026-08-13,14225,8348,617,22665,254,35,47,0,0,Forecasted
2026-08-14,14225,8344,604,22589,251,35,52,0,0,Forecasted
2026-08-15,14231,8360,626,22583,232,34,52,0,0,Forecasted
2026-08-16,14225,8400,749,22499,221,35,47,0,0,Forecasted
2026-08-17,14241,8416,816,22337,193,35,45,0,0,Forecasted
2026-08-18,14231,8410,725,22082,173,34,43,0,0,Forecasted
2026-08-19,14231,8410,725,22082,173,34,43,0,0,Forecasted
2026-08-20,14231,8410,725,22082,173,34,43,0,0,Forecasted
2026-08-21,14231,8410,725,22082,173,34,43,0,0,Forecasted
2026-08-22,14231,8410,725,22082,173,34,43,0,0,Forecasted
2026-08-23,14231,8410,725,22082,173,34,43,0,0,Forecasted
2026-08-24,14231,8410,725,22082,173,34,43,0,0,Forecasted
2026-08-25,14231,8410,725,22082,173,34,43,0,0,Forecasted
2026-08-26,14231,8410,725,22082,173,34,43,0,0,Forecasted
