Forecast Week,Week Range,OMR Flow Bin,Past Chipps,Upstream of Decker,Unresolved in Central Delta,Unresolved in OMR Corridor,CVP Entrainment,SWP Entrainment
Week 1,06/22/2026 23:45,"-6,500",5.5,13.3,97.9,2.7,0.4,0.3
Week 1,06/22/2026 23:45,"-5,000",5.5,13.3,97.9,2.7,0.4,0.3
Week 1,06/22/2026 23:45,"-3,500",6.7,15.1,95.8,2.2,0.1,0.2
Week 1,06/22/2026 23:45,"-2,000",9.5,14.6,91.6,1.1,0.0,0.0
Week 2,06/29/2026 23:45,"-6,500",24.3,24.0,84.2,4.6,2.8,1.1
Week 2,06/29/2026 23:45,"-5,000",24.3,24.0,84.2,4.6,2.8,1.1
Week 2,06/29/2026 23:45,"-3,500",36.3,23.5,69.4,3.7,1.4,0.6
Week 2,06/29/2026 23:45,"-2,000",47.2,23.0,54.7,1.4,0.4,0.1
Week 3,07/06/2026 23:45,"-6,500",34.0,26.3,80.0,5.2,6.4,2.4
Week 3,07/06/2026 23:45,"-5,000",34.0,26.3,80.0,5.2,6.4,2.4
Week 3,07/06/2026 23:45,"-3,500",46.5,26.4,62.6,4.5,3.2,1.4
Week 3,07/06/2026 23:45,"-2,000",58.8,24.8,44.5,2.6,0.6,0.1
