Metric,Western Delta,Suisun Marsh,Sacramento/North Delta,Lower San Joaquin,Lower Sacramento,South Delta,Eastern Delta,Total,Total (%)
DSM2 Nodes,359,"359,329,365,420,227","350,293,323,304","34,41,46","353,351","29,86,145,75,99,225",249,,
LFS Abundance (Grouped),117633687,145677478,304865,4078739,3695676,0,0,271390445,
"PTM (%) -6,500",0.0,0.0,9.5,25.9,2.2,70.3,35.7,143.6,
"PTM (%) -5,000",0.0,0.0,9.5,25.9,2.2,70.3,35.7,143.6,
"PTM (%) -3,500",0.0,0.0,4.5,13.3,0.8,59.4,17.1,95.1,
"PTM (%) -2,000",0.0,0.0,1.1,3.1,0.1,38.5,2.7,45.5,
"Entrained (#) -6,500",0.0,8914.1,7621.6,468901.2,61088.1,0.0,0.0,546525.0,0.2
"Entrained (#) -5,000",0.0,8914.1,7621.6,468901.2,61088.1,0.0,0.0,546525.0,0.2
"Entrained (#) -3,500",0.0,0.0,2134.1,242827.9,20901.1,0.0,0.0,265863.0,0.1
"Entrained (#) -2,000",0.0,0.0,304.9,55402.7,807.6,0.0,0.0,56515.0,0.02
