Metric,West Suisun Bay,East Suisun Bay,Grizzly Bay,Montezuma Slough,Honker Bay,Carquinez Strait,Upper Napa River,Lower Napa River,East San Pablo Bay,West San Pablo Bay,Mid San Pablo Bay,Lower Sacramento River Ship Channel,Sacramento River near Ryde,Cache Slough and Liberty Island,Upper Sacramento River,San Joaquin River at Prisoners Pt,San Joaquin River at Twitchell Island,Lower San Joaquin River,Lower Sacramento River,Sacramento River near Rio Vista,San Joaquin River near Stockton,Old River,Middle River,Victoria Canal,Holland Cut,Franks Tract,North and South Forks Mokelumne River,Total,Western Delta,Suisun Marsh,Sacramento/North Delta,Lower San Joaquin,Lower Sacramento,South Delta,Eastern Delta
DSM2 Node,359.0,329.0,365.0,420.0,227.0,359.0,359.0,359.0,359.0,359.0,359.0,350.0,293.0,323.0,304.0,34.0,41.0,46.0,353.0,351.0,29.0,86.0,145.0,75.0,99.0,225.0,249.0,,,,,,,,
LFS Abundance,48167568.0,83098378.0,5195676.0,301802.0,8914054.0,57342973.0,269730.0,12035135.0,10197973.0,0.0,37787876.0,0.0,0.0,304865.0,0.0,650270.0,429730.0,2998739.0,3291892.0,403784.0,0.0,0.0,0.0,0.0,0.0,0.0,0.0,271390445,,,,,,,
"PTM (%) -5,000",0.0,0.0,0.0,0.0,0.0,0.0,0.0,0.0,0.0,0.0,0.0,0.0,0.8,0.0,0.0,2.4,1.2,0.0,0.0,0.0,1.6,70.6,68.0,78.0,39.6,3.6,0.2,0.0,,,,,,,
"PTM (%) -3,500",0.0,0.0,0.0,0.0,0.0,0.0,0.0,0.0,0.0,0.0,0.0,0.0,0.3,0.0,0.0,0.2,0.3,0.0,0.0,0.0,0.5,52.8,47.1,77.6,23.2,1.0,0.0,0.0,,,,,,,
"PTM (%) -2,000",0.0,0.0,0.0,0.0,0.0,0.0,0.0,0.0,0.0,0.0,0.0,0.0,0.0,0.0,0.0,0.0,0.0,0.0,0.0,0.0,0.0,30.5,5.8,61.7,1.9,0.0,0.0,0.0,,,,,,,
"PTM (%) -6,500",0.0,0.0,0.0,0.0,0.0,0.0,0.0,0.0,0.0,0.0,0.0,0.0,0.8,0.0,0.0,2.4,1.2,0.0,0.0,0.0,1.6,70.6,68.0,78.0,39.6,3.6,0.2,0.0,,,,,,,
"PTM (%) -5,000",,,,,,,,,,,,,,,,,,,,,,,,,,,,0.0,0.0,0.0,0.2,1.2,0.0,43.6,0.2
"PTM (%) -3,500",,,,,,,,,,,,,,,,,,,,,,,,,,,,0.0,0.0,0.0,0.1,0.2,0.0,33.7,0.0
"PTM (%) -2,000",,,,,,,,,,,,,,,,,,,,,,,,,,,,0.0,0.0,0.0,0.0,0.0,0.0,16.7,0.0
"PTM (%) -6,500",,,,,,,,,,,,,,,,,,,,,,,,,,,,0.0,0.0,0.0,0.2,1.2,0.0,43.6,0.2
