Year,Survey,Date,Station,Net,AlphaCode,SizeGroup,Length,Frequency,PlusCount,Comments,TowArea,TowVolume
2026,1,2026-01-14T00:00:00Z,101,2,LONSME,0,91,1,NA,NA,1077.4600113332272,NA
2026,1,2026-01-14T00:00:00Z,101,2,LONSME,0,92,1,NA,NA,1077.4600113332272,NA
2026,1,2026-01-14T00:00:00Z,101,2,LONSME,0,68,6,NA,NA,1077.4600113332272,NA
2026,1,2026-01-14T00:00:00Z,101,2,LONSME,0,77,2,NA,NA,1077.4600113332272,NA
2026,1,2026-01-14T00:00:00Z,101,2,LONSME,0,72,2,NA,NA,1077.4600113332272,NA
2026,1,2026-01-14T00:00:00Z,101,2,LONSME,0,66,1,NA,NA,1077.4600113332272,NA
2026,1,2026-01-14T00:00:00Z,101,2,LONSME,0,79,1,NA,NA,1077.4600113332272,NA
2026,1,2026-01-14T00:00:00Z,101,2,LONSME,0,62,2,NA,NA,1077.4600113332272,NA
2026,1,2026-01-14T00:00:00Z,101,2,LONSME,0,63,3,NA,NA,1077.4600113332272,NA
2026,1,2026-01-14T00:00:00Z,101,2,LONSME,0,75,1,NA,NA,1077.4600113332272,NA
2026,1,2026-01-14T00:00:00Z,101,2,LONSME,0,87,1,NA,NA,1077.4600113332272,NA
2026,1,2026-01-14T00:00:00Z,101,2,LONSME,0,69,2,NA,NA,1077.4600113332272,NA
2026,1,2026-01-14T00:00:00Z,101,2,LONSME,0,74,1,NA,NA,1077.4600113332272,NA
2026,1,2026-01-14T00:00:00Z,101,2,LONSME,0,80,1,NA,NA,1077.4600113332272,NA
2026,1,2026-01-14T00:00:00Z,101,2,LONSME,0,83,1,NA,NA,1077.4600113332272,NA
2026,1,2026-01-14T00:00:00Z,101,2,LONSME,0,85,2,NA,NA,1077.4600113332272,NA
2026,1,2026-01-14T00:00:00Z,101,2,LONSME,0,84,1,NA,NA,1077.4600113332272,NA
2026,1,2026-01-14T00:00:00Z,101,2,LONSME,0,70,1,NA,NA,1077.4600113332272,NA
2026,1,2026-01-14T00:00:00Z,101,2,LONSME,0,65,2,NA,NA,1077.4600113332272,NA
2026,1,2026-01-14T00:00:00Z,101,2,LONSME,0,67,2,NA,NA,1077.4600113332272,NA
2026,1,2026-01-14T00:00:00Z,101,2,LONSME,0,90,1,NA,NA,1077.4600113332272,NA
2026,1,2026-01-14T00:00:00Z,101,2,LONSME,0,73,1,NA,NA,1077.4600113332272,NA
2026,1,2026-01-13T00:00:00Z,110,2,LONSME,0,77,1,NA,NA,1330.9799584448338,NA
2026,1,2026-01-14T00:00:00Z,107,2,LONSME,0,76,1,NA,NA,1394.3599924445152,NA
2026,1,2026-01-14T00:00:00Z,107,2,LONSME,0,83,1,NA,NA,1394.3599924445152,NA
2026,1,2026-01-14T00:00:00Z,107,2,LONSME,0,62,1,NA,NA,1394.3599924445152,NA
2026,1,2026-01-14T00:00:00Z,107,2,LONSME,0,68,1,NA,NA,1394.3599924445152,NA
2026,1,2026-01-14T00:00:00Z,107,2,LONSME,0,55,2,NA,NA,1394.3599924445152,NA
2026,1,2026-01-14T00:00:00Z,107,2,LONSME,0,54,1,NA,NA,1394.3599924445152,NA
2026,1,2026-01-14T00:00:00Z,107,2,LONSME,0,82,1,NA,NA,1394.3599924445152,NA
2026,1,2026-01-14T00:00:00Z,107,2,LONSME,0,64,1,NA,NA,1394.3599924445152,NA
2026,1,2026-01-14T00:00:00Z,107,2,LONSME,0,73,1,NA,NA,1394.3599924445152,NA
2026,1,2026-01-13T00:00:00Z,109,2,LONSME,0,80,1,NA,NA,817.6019569337368,NA
2026,1,2026-01-13T00:00:00Z,109,2,LONSME,0,63,1,NA,NA,817.6019569337368,NA
2026,1,2026-01-13T00:00:00Z,109,2,LONSME,0,71,1,NA,NA,817.6019569337368,NA
2026,1,2026-01-14T00:00:00Z,140,1,LONSME,0,74,1,NA,NA,NA,6744.175
2026,1,2026-01-12T00:00:00Z,211,2,LONSME,0,83,1,NA,NA,1267.600018888712,NA
2026,1,2026-01-12T00:00:00Z,216,2,LONSME,NA,NA,NA,1,head only,538.7300056666136,NA
2026,1,2026-01-08T00:00:00Z,317,2,LONSME,0,65,1,NA,NA,1140.8400453329086,NA
2026,1,2026-01-08T00:00:00Z,318,1,LONSME,0,63,1,NA,NA,NA,7002.6375
2026,1,2026-01-08T00:00:00Z,319,1,LONSME,0,68,1,NA,NA,NA,6741.5875
2026,1,2026-01-08T00:00:00Z,320,1,LONSME,0,63,1,NA,NA,NA,5738.5
2026,1,2026-01-08T00:00:00Z,320,1,LONSME,0,57,1,NA,NA,NA,5738.5
2026,1,2026-01-08T00:00:00Z,320,1,LONSME,0,55,1,NA,NA,NA,5738.5
2026,1,2026-01-08T00:00:00Z,320,1,LONSME,0,74,1,NA,NA,NA,5738.5
2026,1,2026-01-08T00:00:00Z,320,1,LONSME,0,83,1,NA,NA,NA,5738.5
2026,1,2026-01-08T00:00:00Z,321,1,LONSME,0,77,1,NA,NA,NA,7203.8875
2026,1,2026-01-08T00:00:00Z,321,1,LONSME,0,60,1,NA,NA,NA,7203.8875
2026,1,2026-01-08T00:00:00Z,321,2,LONSME,0,67,1,NA,NA,1204.2199848890305,NA
2026,1,2026-01-08T00:00:00Z,322,1,LONSME,0,78,1,NA,NA,NA,7468.9625
2026,1,2026-01-08T00:00:00Z,322,1,LONSME,0,59,1,NA,NA,NA,7468.9625
2026,1,2026-01-08T00:00:00Z,322,1,LONSME,0,62,1,NA,NA,NA,7468.9625
2026,1,2026-01-08T00:00:00Z,322,1,LONSME,0,73,1,NA,NA,NA,7468.9625
2026,1,2026-01-08T00:00:00Z,322,2,LONSME,0,64,1,NA,NA,1267.600018888712,NA
2026,1,2026-01-08T00:00:00Z,322,2,LONSME,0,77,1,NA,NA,1267.600018888712,NA
2026,1,2026-01-08T00:00:00Z,322,2,LONSME,0,67,1,NA,NA,1267.600018888712,NA
2026,1,2026-01-08T00:00:00Z,322,2,LONSME,0,62,1,NA,NA,1267.600018888712,NA
2026,1,2026-01-08T00:00:00Z,322,2,LONSME,0,74,1,NA,NA,1267.600018888712,NA
2026,1,2026-01-08T00:00:00Z,323,2,LONSME,0,NA,NA,1,smashed (over 40mm),1330.9799584448338,NA
2026,1,2026-01-08T00:00:00Z,325,1,LONSME,0,75,1,NA,NA,NA,5737.35
2026,1,2026-01-08T00:00:00Z,325,1,LONSME,0,62,1,NA,NA,NA,5737.35
2026,1,2026-01-08T00:00:00Z,325,1,LONSME,0,60,1,NA,NA,NA,5737.35
2026,1,2026-01-08T00:00:00Z,325,1,LONSME,0,55,1,NA,NA,NA,5737.35
2026,1,2026-01-08T00:00:00Z,325,2,LONSME,0,61,1,NA,NA,684.5040177553892,NA
2026,1,2026-01-08T00:00:00Z,325,2,LONSME,0,74,1,NA,NA,684.5040177553892,NA
2026,1,2026-01-08T00:00:00Z,325,2,LONSME,0,67,1,NA,NA,684.5040177553892,NA
2026,1,2026-01-08T00:00:00Z,345,1,LONSME,0,83,2,NA,NA,NA,8121.875
2026,1,2026-01-08T00:00:00Z,345,1,LONSME,0,75,1,NA,NA,NA,8121.875
2026,1,2026-01-08T00:00:00Z,345,1,LONSME,0,62,1,NA,NA,NA,8121.875
2026,1,2026-01-08T00:00:00Z,345,2,LONSME,0,64,1,NA,NA,1140.8400453329086,NA
2026,1,2026-01-08T00:00:00Z,345,2,LONSME,0,68,1,NA,NA,1140.8400453329086,NA
2026,1,2026-01-08T00:00:00Z,346,1,LONSME,0,68,1,NA,NA,NA,4136.55
2026,1,2026-01-08T00:00:00Z,346,1,LONSME,0,77,1,NA,NA,NA,4136.55
2026,1,2026-01-08T00:00:00Z,346,1,LONSME,0,54,1,NA,NA,NA,4136.55
2026,1,2026-01-08T00:00:00Z,346,1,LONSME,0,67,1,NA,NA,NA,4136.55
2026,1,2026-01-08T00:00:00Z,346,1,LONSME,0,72,1,NA,NA,NA,4136.55
2026,1,2026-01-08T00:00:00Z,346,1,LONSME,0,81,1,NA,NA,NA,4136.55
2026,1,2026-01-08T00:00:00Z,346,1,LONSME,0,63,2,NA,NA,NA,4136.55
2026,1,2026-01-08T00:00:00Z,346,1,LONSME,0,64,2,NA,NA,NA,4136.55
2026,1,2026-01-08T00:00:00Z,346,1,LONSME,0,84,1,NA,NA,NA,4136.55
2026,1,2026-01-08T00:00:00Z,346,1,LONSME,0,56,1,NA,NA,NA,4136.55
2026,1,2026-01-08T00:00:00Z,346,2,LONSME,0,92,1,NA,NA,703.5180090665817,NA
2026,1,2026-01-08T00:00:00Z,346,2,LONSME,0,NA,NA,1,Damaged (over 40mm),703.5180090665817,NA
2026,1,2026-01-07T00:00:00Z,432,1,LONSME,0,109,1,NA,NA,NA,6522.225
2026,1,2026-01-06T00:00:00Z,761,1,LONSME,0,109,1,NA,NA,NA,6529.4125
2026,1,2026-01-06T00:00:00Z,762,2,LONSME,0,107,1,NA,NA,443.6600018888712,NA
2026,2,2026-02-23T00:00:00Z,101,1,LONSME,0,81,1,NA,NA,NA,6225.525
2026,2,2026-02-23T00:00:00Z,101,2,LONSME,0,68,1,NA,NA,1394.3599924445152,NA
2026,2,2026-02-23T00:00:00Z,101,2,LONSME,0,79,1,NA,NA,1394.3599924445152,NA
2026,2,2026-02-23T00:00:00Z,101,2,LONSME,0,80,1,NA,NA,1394.3599924445152,NA
2026,2,2026-02-23T00:00:00Z,101,2,LONSME,0,90,1,NA,NA,1394.3599924445152,NA
2026,2,2026-02-23T00:00:00Z,101,2,LONSME,0,93,1,NA,NA,1394.3599924445152,NA
2026,2,2026-02-23T00:00:00Z,101,2,LONSME,0,74,1,NA,NA,1394.3599924445152,NA
2026,2,2026-02-23T00:00:00Z,101,2,LONSME,0,78,1,NA,NA,1394.3599924445152,NA
2026,2,2026-02-23T00:00:00Z,101,2,LONSME,0,70,1,NA,NA,1394.3599924445152,NA
2026,2,2026-02-20T00:00:00Z,108,2,LONSME,0,70,1,NA,NA,950.7000377774239,NA
2026,2,2026-02-20T00:00:00Z,108,1,LONSME,0,71,1,NA,NA,NA,6919.55
2026,2,2026-02-20T00:00:00Z,109,1,LONSME,0,57,1,NA,NA,NA,4993.5875
2026,2,2026-02-20T00:00:00Z,109,1,LONSME,0,63,1,NA,NA,NA,4993.5875
2026,2,2026-02-23T00:00:00Z,140,2,LONSME,0,84,1,NA,NA,1204.2199848890305,NA
2026,2,2026-02-23T00:00:00Z,140,2,LONSME,0,63,1,NA,NA,1204.2199848890305,NA
2026,2,2026-02-23T00:00:00Z,140,2,LONSME,0,81,1,NA,NA,1204.2199848890305,NA
2026,2,2026-02-23T00:00:00Z,140,2,LONSME,0,67,1,NA,NA,1204.2199848890305,NA
2026,2,2026-02-23T00:00:00Z,140,2,LONSME,0,76,1,NA,NA,1204.2199848890305,NA
2026,2,2026-02-23T00:00:00Z,140,2,LONSME,0,92,1,NA,NA,1204.2199848890305,NA
2026,2,2026-02-23T00:00:00Z,140,2,LONSME,0,71,1,NA,NA,1204.2199848890305,NA
2026,2,2026-02-23T00:00:00Z,140,2,LONSME,0,73,1,NA,NA,1204.2199848890305,NA
2026,2,2026-02-23T00:00:00Z,140,2,LONSME,0,81,1,NA,NA,1204.2199848890305,NA
2026,2,2026-02-23T00:00:00Z,140,2,LONSME,0,70,1,NA,NA,1204.2199848890305,NA
2026,2,2026-02-23T00:00:00Z,140,1,LONSME,0,79,1,NA,NA,NA,5938.6
2026,2,2026-02-23T00:00:00Z,140,1,LONSME,0,83,1,NA,NA,NA,5938.6
2026,2,2026-02-23T00:00:00Z,140,1,LONSME,0,68,1,NA,NA,NA,5938.6
2026,2,2026-02-23T00:00:00Z,140,1,LONSME,0,69,1,NA,NA,NA,5938.6
2026,2,2026-02-23T00:00:00Z,140,1,LONSME,0,87,2,NA,NA,NA,5938.6
2026,2,2026-02-23T00:00:00Z,140,1,LONSME,0,81,1,NA,NA,NA,5938.6
2026,2,2026-02-23T00:00:00Z,140,1,LONSME,0,108,1,NA,NA,NA,5938.6
2026,2,2026-02-23T00:00:00Z,140,1,LONSME,0,67,1,NA,NA,NA,5938.6
2026,2,2026-02-23T00:00:00Z,140,1,LONSME,0,88,1,NA,NA,NA,5938.6
2026,2,2026-02-23T00:00:00Z,140,1,LONSME,0,91,1,NA,NA,NA,5938.6
2026,2,2026-02-23T00:00:00Z,140,1,LONSME,0,72,1,NA,NA,NA,5938.6
2026,2,2026-02-23T00:00:00Z,140,1,LONSME,0,62,1,NA,NA,NA,5938.6
2026,2,2026-02-23T00:00:00Z,140,1,LONSME,0,65,1,NA,NA,NA,5938.6
2026,2,2026-02-23T00:00:00Z,140,1,LONSME,0,60,1,NA,NA,NA,5938.6
2026,2,2026-02-18T00:00:00Z,216,2,LONSME,0,64,1,NA,NA,2154.9200226664543,NA
2026,2,2026-02-12T00:00:00Z,321,1,LONSME,0,84,1,NA,NA,NA,7250.175
2026,2,2026-02-12T00:00:00Z,321,2,LONSME,0,76,1,NA,NA,1077.4600113332272,NA
2026,2,2026-02-12T00:00:00Z,321,2,LONSME,0,70,1,NA,NA,1077.4600113332272,NA
2026,2,2026-02-12T00:00:00Z,321,2,LONSME,0,77,1,NA,NA,1077.4600113332272,NA
2026,2,2026-02-12T00:00:00Z,325,2,LONSME,0,72,1,NA,NA,1077.4600113332272,NA
2026,2,2026-02-12T00:00:00Z,325,2,LONSME,0,78,1,NA,NA,1077.4600113332272,NA
2026,2,2026-02-12T00:00:00Z,325,2,LONSME,0,83,1,NA,NA,1077.4600113332272,NA
2026,2,2026-02-12T00:00:00Z,325,2,LONSME,0,70,2,NA,NA,1077.4600113332272,NA
2026,2,2026-02-12T00:00:00Z,325,2,LONSME,0,82,1,NA,NA,1077.4600113332272,NA
2026,2,2026-02-12T00:00:00Z,325,2,LONSME,0,76,1,NA,NA,1077.4600113332272,NA
2026,2,2026-02-12T00:00:00Z,325,2,LONSME,0,58,1,NA,NA,1077.4600113332272,NA
2026,2,2026-02-12T00:00:00Z,325,2,LONSME,0,68,2,NA,NA,1077.4600113332272,NA
2026,2,2026-02-12T00:00:00Z,325,2,LONSME,0,79,1,NA,NA,1077.4600113332272,NA
2026,2,2026-02-12T00:00:00Z,325,2,LONSME,0,104,1,NA,NA,1077.4600113332272,NA
2026,2,2026-02-12T00:00:00Z,325,2,LONSME,0,87,1,NA,NA,1077.4600113332272,NA
2026,2,2026-02-12T00:00:00Z,325,2,LONSME,0,75,1,NA,NA,1077.4600113332272,NA
2026,2,2026-02-12T00:00:00Z,325,2,LONSME,0,77,1,NA,NA,1077.4600113332272,NA
2026,2,2026-02-12T00:00:00Z,325,2,LONSME,0,105,1,NA,NA,1077.4600113332272,NA
2026,2,2026-02-12T00:00:00Z,325,2,LONSME,0,85,1,NA,NA,1077.4600113332272,NA
2026,2,2026-02-12T00:00:00Z,345,1,LONSME,0,68,1,NA,NA,NA,5863.5625
2026,2,2026-02-12T00:00:00Z,345,2,LONSME,0,88,1,NA,NA,2154.9200226664543,NA
2026,2,2026-02-12T00:00:00Z,346,2,LONSME,0,77,1,NA,NA,1457.7400264441967,NA
2026,2,2026-02-11T00:00:00Z,427,1,LONSME,0,103,1,NA,NA,NA,4490.4625
2026,2,2026-02-11T00:00:00Z,427,1,LONSME,0,72,1,NA,NA,NA,4490.4625
2026,2,2026-02-11T00:00:00Z,427,1,LONSME,0,110,1,NA,NA,NA,4490.4625
2026,2,2026-02-11T00:00:00Z,427,1,LONSME,0,83,1,NA,NA,NA,4490.4625
2026,2,2026-02-11T00:00:00Z,427,1,LONSME,0,81,1,NA,NA,NA,4490.4625
2026,2,2026-02-11T00:00:00Z,427,1,LONSME,0,77,1,NA,NA,NA,4490.4625
2026,2,2026-02-11T00:00:00Z,427,1,LONSME,0,78,1,NA,NA,NA,4490.4625
2026,2,2026-02-11T00:00:00Z,427,1,LONSME,0,75,3,NA,NA,NA,4490.4625
2026,2,2026-02-11T00:00:00Z,427,1,LONSME,0,70,3,NA,NA,NA,4490.4625
2026,2,2026-02-11T00:00:00Z,427,1,LONSME,0,84,1,NA,NA,NA,4490.4625
2026,2,2026-02-11T00:00:00Z,427,1,LONSME,0,82,1,NA,NA,NA,4490.4625
2026,2,2026-02-11T00:00:00Z,427,1,LONSME,0,69,1,NA,NA,NA,4490.4625
2026,2,2026-02-11T00:00:00Z,427,1,LONSME,0,106,1,NA,NA,NA,4490.4625
2026,2,2026-02-11T00:00:00Z,427,1,LONSME,0,71,1,NA,NA,NA,4490.4625
2026,2,2026-02-11T00:00:00Z,427,1,LONSME,0,62,1,NA,NA,NA,4490.4625
2026,2,2026-02-11T00:00:00Z,427,1,LONSME,0,76,3,NA,NA,NA,4490.4625
2026,2,2026-02-11T00:00:00Z,427,1,LONSME,0,65,1,NA,NA,NA,4490.4625
2026,2,2026-02-11T00:00:00Z,427,1,LONSME,0,67,1,NA,NA,NA,4490.4625
2026,2,2026-02-11T00:00:00Z,428,2,LONSME,0,63,1,NA,NA,697.1799962222576,NA
2026,2,2026-02-11T00:00:00Z,428,1,LONSME,0,76,1,NA,NA,NA,6394.575
2026,2,2026-02-11T00:00:00Z,428,1,LONSME,0,78,1,NA,NA,NA,6394.575
2026,2,2026-02-11T00:00:00Z,428,1,LONSME,0,79,1,NA,NA,NA,6394.575
2026,2,2026-02-11T00:00:00Z,428,1,LONSME,0,75,2,NA,NA,NA,6394.575
2026,2,2026-02-11T00:00:00Z,428,1,LONSME,0,64,1,NA,NA,NA,6394.575
2026,2,2026-02-11T00:00:00Z,428,1,LONSME,0,68,1,NA,NA,NA,6394.575
2026,2,2026-02-11T00:00:00Z,428,1,LONSME,0,73,2,NA,NA,NA,6394.575
2026,2,2026-02-11T00:00:00Z,428,1,LONSME,0,98,1,NA,NA,NA,6394.575
2026,2,2026-02-11T00:00:00Z,428,1,LONSME,0,77,1,NA,NA,NA,6394.575
2026,2,2026-02-11T00:00:00Z,429,1,LONSME,0,89,1,NA,NA,NA,6364.3875
2026,2,2026-02-11T00:00:00Z,429,1,LONSME,0,82,1,NA,NA,NA,6364.3875
2026,2,2026-02-11T00:00:00Z,429,1,LONSME,0,103,1,NA,NA,NA,6364.3875
2026,2,2026-02-11T00:00:00Z,429,1,LONSME,0,84,2,NA,NA,NA,6364.3875
2026,2,2026-02-11T00:00:00Z,429,1,LONSME,0,69,1,NA,NA,NA,6364.3875
2026,2,2026-02-11T00:00:00Z,429,1,LONSME,0,74,1,NA,NA,NA,6364.3875
2026,2,2026-02-11T00:00:00Z,429,1,LONSME,0,78,2,NA,NA,NA,6364.3875
2026,2,2026-02-11T00:00:00Z,429,1,LONSME,0,83,1,NA,NA,NA,6364.3875
2026,2,2026-02-11T00:00:00Z,429,1,LONSME,0,75,1,NA,NA,NA,6364.3875
2026,2,2026-02-11T00:00:00Z,429,1,LONSME,0,90,1,NA,NA,NA,6364.3875
2026,2,2026-02-11T00:00:00Z,429,1,LONSME,0,81,1,NA,NA,NA,6364.3875
2026,2,2026-02-11T00:00:00Z,429,1,LONSME,0,88,1,NA,NA,NA,6364.3875
2026,2,2026-02-11T00:00:00Z,429,1,LONSME,0,73,1,NA,NA,NA,6364.3875
2026,2,2026-02-11T00:00:00Z,429,2,LONSME,0,53,1,NA,NA,1014.0799773335457,NA
2026,2,2026-02-11T00:00:00Z,429,2,LONSME,0,78,1,NA,NA,1014.0799773335457,NA
2026,2,2026-02-11T00:00:00Z,429,2,LONSME,0,82,1,NA,NA,1014.0799773335457,NA
2026,2,2026-02-11T00:00:00Z,429,2,LONSME,0,67,1,NA,NA,1014.0799773335457,NA
2026,2,2026-02-11T00:00:00Z,432,2,LONSME,0,110,1,NA,NA,633.800009444356,NA
2026,2,2026-02-11T00:00:00Z,432,1,LONSME,0,97,1,NA,NA,NA,5249.175
2026,2,2026-02-11T00:00:00Z,432,1,LONSME,0,86,1,NA,NA,NA,5249.175
2026,2,2026-02-11T00:00:00Z,432,1,LONSME,0,83,1,NA,NA,NA,5249.175
2026,2,2026-02-11T00:00:00Z,432,1,LONSME,0,78,1,NA,NA,NA,5249.175
2026,2,2026-02-11T00:00:00Z,432,1,LONSME,0,71,1,NA,NA,NA,5249.175
2026,2,2026-02-11T00:00:00Z,433,1,LONSME,0,77,2,NA,NA,NA,7042.8875
2026,2,2026-02-11T00:00:00Z,433,1,LONSME,0,78,1,NA,NA,NA,7042.8875
2026,2,2026-02-11T00:00:00Z,433,1,LONSME,0,83,1,NA,NA,NA,7042.8875
2026,2,2026-02-11T00:00:00Z,433,1,LONSME,0,87,1,NA,NA,NA,7042.8875
2026,2,2026-02-11T00:00:00Z,433,1,LONSME,0,72,1,NA,NA,NA,7042.8875
2026,2,2026-02-11T00:00:00Z,433,1,LONSME,0,99,1,NA,NA,NA,7042.8875
2026,2,2026-02-11T00:00:00Z,534,2,LONSME,0,73,1,NA,NA,1457.7400264441967,NA
2026,2,2026-02-11T00:00:00Z,534,2,LONSME,0,65,1,NA,NA,1457.7400264441967,NA
2026,2,2026-02-11T00:00:00Z,535,1,LONSME,0,78,1,NA,NA,NA,6956.6375
2026,2,2026-02-10T00:00:00Z,736,1,LONSME,0,83,1,NA,NA,NA,6797.65
2026,2,2026-02-10T00:00:00Z,761,2,LONSME,0,74,1,NA,NA,1077.4600113332272,NA
2026,3,2026-03-11T00:00:00Z,107,2,LONSME,0,51,1,NA,NA,1077.4600113332272,NA
2026,3,2026-03-10T00:00:00Z,109,2,LONSME,0,74,1,NA,NA,1330.9799584448338,NA
2026,3,2026-03-10T00:00:00Z,109,2,LONSME,0,77,1,NA,NA,1330.9799584448338,NA
2026,3,2026-03-10T00:00:00Z,109,2,LONSME,0,79,1,NA,NA,1330.9799584448338,NA
2026,3,2026-03-10T00:00:00Z,109,2,LONSME,0,69,1,NA,NA,1330.9799584448338,NA
2026,3,2026-03-10T00:00:00Z,109,2,LONSME,0,70,1,NA,NA,1330.9799584448338,NA
2026,3,2026-03-05T00:00:00Z,320,1,LONSME,0,75,1,NA,NA,NA,6064.525
2026,3,2026-03-05T00:00:00Z,322,2,LONSME,0,67,1,NA,NA,1014.0799773335457,NA
2026,3,2026-03-05T00:00:00Z,323,2,LONSME,0,77,1,NA,NA,950.7000377774239,NA
2026,3,2026-03-05T00:00:00Z,323,2,LONSME,0,78,1,NA,NA,950.7000377774239,NA
2026,3,2026-03-05T00:00:00Z,325,2,LONSME,0,85,1,NA,NA,1204.2199848890305,NA
2026,3,2026-03-05T00:00:00Z,325,1,LONSME,0,77,1,NA,confirm with Kenji?,NA,9940.8875
2026,3,2026-03-05T00:00:00Z,325,1,LONSME,0,58,1,NA,confirm with Kenji?,NA,9940.8875
2026,3,2026-03-05T00:00:00Z,325,1,LONSME,0,62,1,NA,confirm with Kenji?,NA,9940.8875
2026,3,2026-03-05T00:00:00Z,325,1,LONSME,0,69,2,NA,NA,NA,9940.8875
2026,3,2026-03-05T00:00:00Z,325,1,LONSME,0,63,1,NA,NA,NA,9940.8875
2026,3,2026-03-05T00:00:00Z,325,1,LONSME,0,62,1,NA,NA,NA,9940.8875
2026,3,2026-03-05T00:00:00Z,325,1,LONSME,0,65,1,NA,NA,NA,9940.8875
2026,3,2026-03-05T00:00:00Z,325,1,LONSME,0,73,1,NA,NA,NA,9940.8875
2026,3,2026-03-05T00:00:00Z,325,1,LONSME,0,82,1,NA,NA,NA,9940.8875
2026,3,2026-03-05T00:00:00Z,325,1,LONSME,0,78,1,NA,NA,NA,9940.8875
2026,3,2026-03-05T00:00:00Z,325,1,LONSME,0,74,1,NA,NA,NA,9940.8875
2026,3,2026-03-05T00:00:00Z,325,1,LONSME,0,80,2,NA,NA,NA,9940.8875
2026,3,2026-03-05T00:00:00Z,325,1,LONSME,NA,NA,NA,1,pieces,NA,9940.8875
2026,3,2026-03-05T00:00:00Z,345,2,LONSME,0,83,1,NA,NA,1077.4600113332272,NA
2026,3,2026-03-05T00:00:00Z,346,1,LONSME,0,78,1,NA,NA,NA,4890.375
2026,3,2026-03-04T00:00:00Z,427,1,LONSME,0,89,1,NA,NA,NA,6860.325
2026,3,2026-03-04T00:00:00Z,427,1,LONSME,0,90,1,NA,NA,NA,6860.325
2026,3,2026-03-04T00:00:00Z,427,1,LONSME,0,63,1,NA,NA,NA,6860.325
2026,3,2026-03-04T00:00:00Z,429,1,LONSME,0,83,1,NA,NA,NA,6633.4875
2026,3,2026-03-04T00:00:00Z,432,2,LONSME,0,88,1,NA,NA,646.4759879112244,NA
2026,3,2026-03-04T00:00:00Z,535,1,LONSME,0,91,1,NA,NA,NA,5512.2375
2026,3,2026-03-03T00:00:00Z,736,1,LONSME,0,75,1,NA,NA,NA,6522.225
