"","Survey","survDate","Region","Percent_Processed"
"1",1,2025-12-29,"Eastern Delta",1
"2",1,2025-12-29,"Lower Sacramento",1
"3",1,2025-12-29,"Lower San Joaquin",1
"4",1,2025-12-29,"Sacramento/ North Delta",1
"5",1,2025-12-29,"South Delta",1
"6",1,2025-12-29,"Suisun",1
"7",1,2025-12-29,"Western Delta",1
"8",2,2026-01-12,"Eastern Delta",1
"9",2,2026-01-12,"Lower Sacramento",1
"10",2,2026-01-12,"Lower San Joaquin",1
"11",2,2026-01-12,"Sacramento/ North Delta",1
"12",2,2026-01-12,"South Delta",1
"13",2,2026-01-12,"Suisun",1
"14",2,2026-01-12,"Western Delta",1
"15",3,2026-01-26,"Eastern Delta",1
"16",3,2026-01-26,"Lower Sacramento",1
"17",3,2026-01-26,"Lower San Joaquin",1
"18",3,2026-01-26,"Sacramento/ North Delta",1
"19",3,2026-01-26,"South Delta",1
"20",3,2026-01-26,"Suisun",1
"21",3,2026-01-26,"Western Delta",1
"22",4,2026-02-09,"Eastern Delta",1
"23",4,2026-02-09,"Lower Sacramento",1
"24",4,2026-02-09,"Lower San Joaquin",1
"25",4,2026-02-09,"Sacramento/ North Delta",1
"26",4,2026-02-09,"South Delta",1
"27",4,2026-02-09,"Suisun",1
"28",4,2026-02-09,"Western Delta",1
"29",5,2026-02-23,"Eastern Delta",1
"30",5,2026-02-23,"Lower Sacramento",1
"31",5,2026-02-23,"Lower San Joaquin",1
"32",5,2026-02-23,"Sacramento/ North Delta",1
"33",5,2026-02-23,"South Delta",1
"34",5,2026-02-23,"Suisun",0.89
"35",5,2026-02-23,"Western Delta",0.4
"36",6,2026-03-09,"Eastern Delta",0
"37",6,2026-03-09,"Lower Sacramento",0
"38",6,2026-03-09,"Lower San Joaquin",0.57
"39",6,2026-03-09,"Sacramento/ North Delta",0.33
"40",6,2026-03-09,"South Delta",1
"41",6,2026-03-09,"Suisun",0
"42",6,2026-03-09,"Western Delta",0
