,Survey,survDate,Region,Percent_Processed,,,,1,2,3,4,5,6
1,1,12/29/2025,Eastern Delta,1,,,Eastern Delta,100%,100%,100%,100%,100%,100%
2,1,12/29/2025,Lower Sacramento,1,,,Lower Sacramento,100%,100%,100%,100%,100%,71%
3,1,12/29/2025,Lower San Joaquin,1,,,Lower San Joaquin,100%,100%,100%,100%,100%,86%
4,1,12/29/2025,Sacramento/ North Delta,1,,,Sacramento/ North Delta,100%,100%,100%,100%,100%,67%
5,1,12/29/2025,South Delta,1,,,South Delta,100%,100%,100%,100%,100%,100%
6,1,12/29/2025,Suisun,1,,,Suisun,100%,100%,100%,100%,100%,78%
7,1,12/29/2025,Western Delta,1,,,Western Delta,100%,100%,100%,100%,92%,28%
8,2,1/12/2026,Eastern Delta,1,,,,,,,,,
9,2,1/12/2026,Lower Sacramento,1,,,,,,,,,
10,2,1/12/2026,Lower San Joaquin,1,,,,,,,,,
11,2,1/12/2026,Sacramento/ North Delta,1,,,,,,,,,
12,2,1/12/2026,South Delta,1,,,,,,,,,
13,2,1/12/2026,Suisun,1,,,,,,,,,
14,2,1/12/2026,Western Delta,1,,,,,,,,,
15,3,1/26/2026,Eastern Delta,1,,,,,,,,,
16,3,1/26/2026,Lower Sacramento,1,,,,,,,,,
17,3,1/26/2026,Lower San Joaquin,1,,,,,,,,,
18,3,1/26/2026,Sacramento/ North Delta,1,,,,,,,,,
19,3,1/26/2026,South Delta,1,,,,,,,,,
20,3,1/26/2026,Suisun,1,,,,,,,,,
21,3,1/26/2026,Western Delta,1,,,,,,,,,
22,4,2/9/2026,Eastern Delta,1,,,,,,,,,
23,4,2/9/2026,Lower Sacramento,1,,,,,,,,,
24,4,2/9/2026,Lower San Joaquin,1,,,,,,,,,
25,4,2/9/2026,Sacramento/ North Delta,1,,,,,,,,,
26,4,2/9/2026,South Delta,1,,,,,,,,,
27,4,2/9/2026,Suisun,1,,,,,,,,,
28,4,2/9/2026,Western Delta,1,,,,,,,,,
29,5,2/23/2026,Eastern Delta,1,,,,,,,,,
30,5,2/23/2026,Lower Sacramento,1,,,,,,,,,
31,5,2/23/2026,Lower San Joaquin,1,,,,,,,,,
32,5,2/23/2026,Sacramento/ North Delta,1,,,,,,,,,
33,5,2/23/2026,South Delta,1,,,,,,,,,
34,5,2/23/2026,Suisun,1,,,,,,,,,
35,5,2/23/2026,Western Delta,0.92,,,,,,,,,
36,6,3/9/2026,Eastern Delta,1,,,,,,,,,
37,6,3/9/2026,Lower Sacramento,0.71,,,,,,,,,
38,6,3/9/2026,Lower San Joaquin,0.86,,,,,,,,,
39,6,3/9/2026,Sacramento/ North Delta,0.67,,,,,,,,,
40,6,3/9/2026,South Delta,1,,,,,,,,,
41,6,3/9/2026,Suisun,0.78,,,,,,,,,
42,6,3/9/2026,Western Delta,0.28,,,,,,,,,
