Week,OMR Bins,CVP Exports (cfs),SWP Exports (cfs),Total Exports (cfs),CVP Exports (%),SWP Exports (%)
Week 1,"-6,250","4,561","3,831","8,392",54%,46%
Week 1,"-5,000","3,807","3,091","6,898",55%,45%
Week 1,"-3,500","3,048","2,318","5,366",57%,43%
Week 1,"-2,000","2,175","1,689","3,864",56%,44%
Week 2,"-6,250","4,444","3,232","7,676",58%,42%
Week 2,"-5,000","3,506","2,705","6,211",56%,44%
Week 2,"-3,500","2,705","1,803","4,508",60%,40%
Week 2,"-2,000","1,803","1,102","2,905",62%,38%
Week 3,"-6,250","4,444","3,232","7,676",58%,42%
Week 3,"-5,000","3,506","2,705","6,211",56%,44%
Week 3,"-3,500","2,705","1,803","4,508",60%,40%
Week 3,"-2,000","1,803","1,102","2,905",62%,38%
