channel_id,channel_number,node,Proportion_Ratio
0,1,1,0
1,2,2,0
2,3,3,0
3,4,4,0
4,5,5,0
5,6,6,0
6,7,7,0
7,8,8,0
8,9,9,0
9,10,10,0
10,11,11,0
11,12,12,0
12,13,13,0
13,14,14,0
14,15,15,0
15,16,16,0
16,17,17,0
17,18,18,0
18,19,19,0
19,20,20,0
20,21,21,0
21,22,22,0
22,23,23,0
23,24,24,0
24,25,25,0
25,26,26,0
26,27,28,0
27,28,27,0
28,29,29,0
29,30,26,0
30,31,29,0
31,32,30,0
32,33,31,0
33,34,30,0
34,35,31,0
35,36,32,0
36,37,33,0
37,38,34,0
38,39,35,0
39,40,36,0
40,41,35,0
41,42,37,0
42,43,38,0
43,44,39,0
44,45,40,0
45,46,41,0
46,47,42,0
47,48,43,0
48,49,469,0
49,50,45,0
50,51,461,0
51,52,46,0
52,53,47,0
53,54,8,0
54,55,48,0
55,56,49,0
56,57,50,0
57,58,51,0
58,59,52,0
59,60,53,0
60,61,54,0
61,62,55,0
62,63,56,0
63,65,169,0
64,66,169,0
65,67,57,0
66,68,58,0
67,69,57,0
68,70,59,0
69,71,60,0
70,72,61,0
71,73,62,0
72,74,63,0
73,75,64,0
74,76,65,0
75,77,66,0
76,78,67,0
77,79,68,0
78,80,69,0
79,81,70,1
80,82,71,0
81,83,44,0
82,84,73,0
83,85,74,0
84,86,75,0
85,88,77,0
86,89,78,0
87,90,79,0
88,91,80,0
89,92,81,0
90,94,82,0
91,95,84,0
92,96,85,0
93,97,86,0
94,101,88,0
95,102,89,0
96,104,90,0
97,105,91,0
98,106,92,0
99,107,93,0
100,108,93,0
101,111,94,0
102,114,98,0
103,115,97,0
104,116,98,0
105,117,99,0
106,118,100,0
107,119,100,0
108,120,101,0
109,121,102,0
110,122,232,0
111,123,101,0
112,124,103,0
113,125,52,0
114,126,104,0
115,127,105,0
116,128,106,0
117,129,107,0
118,130,108,0
119,131,109,0
120,132,110,0
121,133,111,0
122,134,112,0
123,135,113,0
124,136,114,0
125,137,115,0
126,138,116,0
127,139,117,0
128,140,118,0
129,141,118,0
130,142,119,0
131,143,120,0
132,144,121,0
133,145,123,0
134,146,122,0
135,147,123,0
136,148,122,0
137,149,124,0
138,150,125,0
139,151,126,0
140,152,127,0
141,153,128,0
142,154,129,0
143,155,130,0
144,156,130,0
145,157,131,0
146,158,131,0
147,159,132,0
148,160,133,0
149,161,133,0
150,162,134,0
151,163,134,0
152,164,144,0
153,165,135,0
154,166,136,0
155,167,137,0
156,168,136,0
157,169,16,0
158,170,138,0
159,171,139,0
160,172,140,0
161,173,141,0
162,174,142,0
163,175,143,0
164,176,144,1
165,177,145,0
166,178,124,0
167,179,125,0
168,180,146,0
169,181,147,0
170,182,148,0
171,183,149,0
172,184,150,0
173,185,151,0
174,186,152,0
175,187,153,0
176,188,154,0
177,189,155,0
178,190,156,0
179,191,157,0
180,192,158,0
181,193,159,0
182,194,160,0
183,195,5,-9999
184,196,162,0
185,197,163,0
186,198,164,0
187,199,165,0
188,201,166,-9999
189,202,167,0
190,203,168,0
191,204,170,0
192,205,56,0
193,206,171,0
194,207,172,0
195,208,173,0
196,209,174,0
197,210,175,0
198,211,176,0
199,212,177,0
200,213,178,0
201,214,179,1
202,215,223,0
203,216,181,-9999
204,217,72,1
205,218,182,1
206,219,183,1
207,220,184,0
208,221,183,0
209,222,185,0
210,223,186,0
211,224,185,0
212,225,187,0
213,226,113,0
214,227,188,0
215,228,189,0
216,229,190,0
217,230,191,0
218,231,192,1
219,232,72,0
220,233,117,0
221,234,194,0
222,235,195,0
223,236,82,0
224,237,196,0
225,238,197,0
226,239,198,0
227,240,199,0
228,241,200,0
229,242,201,0
230,243,202,0
231,244,203,0
232,245,204,0
233,246,205,0
234,247,206,0
235,248,129,0
236,249,207,0
237,250,208,0
238,251,208,0
239,252,209,0
240,253,210,0
241,254,211,0
242,255,212,0
243,257,212,0
244,258,121,0
245,259,213,0
246,260,76,0
247,261,205,0
248,262,215,0
249,263,215,0
250,264,102,0
251,265,216,0
252,266,217,0
253,267,217,0
254,268,216,0
255,269,219,0
256,270,220,0
257,271,222,0
258,272,221,0
259,273,218,0
260,274,222,0
261,275,223,0
262,276,103,0
263,277,224,0
264,278,225,0
265,279,226,0
266,280,42,0
267,281,354,0
268,282,459,0
269,283,460,0
270,284,461,0
271,285,462,0
272,286,355,0
273,287,47,0
274,288,463,0
275,289,463,0
276,290,464,0
277,291,465,0
278,292,466,0
279,293,465,0
280,294,466,0
281,295,471,0
282,296,470,0
283,297,459,0
284,299,460,0
285,300,467,0
286,301,470,0
287,307,239,0
288,308,240,0
289,309,240,0
290,310,43,0
291,311,241,0
292,312,241,0
293,313,242,0
294,314,243,0
295,315,244,0
296,316,244,0
297,317,246,0
298,318,247,1
299,319,245,0
300,320,246,0
301,321,248,0
302,322,250,0
303,323,268,0
304,324,249,0
305,325,250,0
306,326,245,0
307,327,251,0
308,328,252,0
309,329,253,0
310,330,254,0
311,331,255,0
312,332,256,0
313,333,256,0
314,334,257,0
315,335,258,0
316,336,259,0
317,337,260,0
318,338,261,0
319,339,262,0
320,340,263,0
321,341,264,0
322,342,265,0
323,343,266,0
324,344,267,0
325,345,268,0
326,346,269,0
327,347,270,0
328,348,271,0
329,349,272,0
330,350,274,0
331,351,275,0
332,352,276,0
333,353,277,0
334,354,278,0
335,355,279,0
336,356,260,0
337,357,280,0
338,358,281,0
339,359,282,0
340,360,283,0
341,361,284,0
342,362,285,0
343,363,286,0
344,364,287,0
345,365,342,-9999
346,366,343,0
347,367,288,0
348,368,289,0
349,369,290,0
350,370,291,0
351,371,292,0
352,372,293,0
353,373,294,0
354,374,295,0
355,375,296,0
356,376,297,0
357,377,298,0
358,378,299,0
359,379,339,0
360,380,300,0
361,381,301,0
362,382,302,0
363,383,340,0
364,384,303,0
365,385,304,0
366,386,305,0
367,387,306,0
368,388,302,0
369,389,307,0
370,390,308,0
371,391,309,-9999
372,392,310,0
373,393,311,0
374,394,312,0
375,395,313,0
376,396,314,0
377,397,315,0
378,398,316,0
379,399,317,0
380,400,318,0
381,401,319,0
382,402,320,0
383,403,321,0
384,404,322,0
385,405,323,0
386,406,273,0
387,407,324,0
388,408,325,0
389,409,326,0
390,410,330,0
391,411,331,0
392,412,332,0
393,413,333,0
394,414,334,0
395,415,335,0
396,416,336,0
397,417,337,0
398,418,338,0
399,419,339,0
400,420,340,0
401,421,341,0
402,422,342,0
403,423,343,0
404,424,344,0
405,426,346,0
406,427,347,0
407,428,348,0
408,429,349,0
409,430,350,0
410,431,351,0
411,432,352,0
412,433,352,0
413,434,353,0
414,435,354,0
415,436,355,0
416,437,356,0
417,438,362,0
418,439,358,0
419,440,359,0
420,441,360,0
421,442,356,0
422,443,357,0
423,444,227,0
424,445,329,0
425,447,238,0
426,448,363,0
427,449,364,0
428,450,238,0
429,451,365,0
430,452,358,0
431,453,366,0
432,454,367,0
433,455,369,-9999
434,456,370,0
435,457,396,-9999
436,458,368,-9999
437,459,371,0
438,460,372,0
439,461,373,0
440,462,374,0
441,463,375,0
442,464,445,0
443,465,377,0
444,466,378,0
445,467,379,0
446,468,380,0
447,469,381,0
448,470,443,0
449,471,442,0
450,472,385,0
451,473,367,0
452,474,382,0
453,475,387,-9999
454,476,389,0
455,477,390,0
456,478,388,0
457,479,390,0
458,480,391,0
459,481,381,0
460,483,392,-9999
461,484,400,0
462,485,394,-9999
463,486,395,0
464,487,393,-9999
465,488,397,-9999
466,489,373,0
467,490,398,0
468,491,399,0
469,497,403,-9999
470,498,409,0
471,499,406,0
472,500,384,0
473,501,444,0
474,502,408,-9999
475,503,409,0
476,505,410,0
477,506,412,-9999
478,507,404,-9999
479,508,405,0
480,509,413,-9999
481,511,464,0
482,512,417,0
483,513,418,0
484,515,420,0
485,516,421,0
486,517,422,0
487,522,425,0
488,523,428,0
489,527,327,-9999
490,528,376,0
491,529,432,-9999
492,530,433,-9999
493,531,434,-9999
494,532,436,-9999
495,537,384,0
496,539,440,0
497,542,440,0
498,543,376,0
499,544,386,-9999
500,549,446,0
501,550,447,0
502,552,448,-9999
503,553,449,0
504,555,451,-9999
505,556,452,0
506,557,453,0
507,558,454,0
508,559,455,-9999
509,560,456,-9999
510,561,457,0
511,570,357,0
512,571,227,0
513,572,228,0
514,573,363,0
515,574,328,0
516,575,328,0
517,700,700,0
518,701,701,0
519,702,702,0
520,703,703,-9999
